chart_id,class,device,step,item,context_column,target,contexts,defect_start_idx,defect_params,target_value,split
ch_00056,context,DEV_C,S01,THK1,chamber,CH_A,"CH_B,CH_E,CH_C,CH_A",-1,"{""deviation_type"": ""both"", ""mean_shift"": -0.10770733909482924, ""std_scale"": 2.0000983162488457, ""fleet_std"": 0.044162840553972446, ""fleet_between_std"": 0.014860942723100812, ""fleet_std_between"": 0.001, ""mean_target_nsigma"": 3.586090840772624, ""std_target_nsigma"": 4.887797946807695, ""post_mean_nsigma"": 8.398330070548242, ""post_std_nsigma"": 41.54045622419903}",0.047322,train
ch_00088,context,DEV_C,S02,DEF1,chamber,CH_E,"CH_E,CH_D,CH_B,CH_C",-1,"{""deviation_type"": ""both"", ""mean_shift"": 0.14868945161666558, ""std_scale"": 1.949111191078157, ""fleet_std"": 0.057328997174446665, ""fleet_between_std"": 0.015256327174720953, ""fleet_std_between"": 0.001, ""mean_target_nsigma"": 4.959215929747034, ""std_target_nsigma"": 4.957693369669027, ""post_mean_nsigma"": 10.445315462733754, ""post_std_nsigma"": 52.45049213028289}",0.075554,train
ch_00034,context,DEV_A,S04,CD1,recipe,RCP_X6,"RCP_X1,RCP_X3,RCP_X4,RCP_X6",-1,"{""deviation_type"": ""both"", ""mean_shift"": 0.1386498443777764, ""std_scale"": 1.9497994591302734, ""fleet_std"": 0.055252279492353173, ""fleet_between_std"": 0.015196605710805347, ""fleet_std_between"": 0.0011640462380508958, ""mean_target_nsigma"": 4.310854117804462, ""std_target_nsigma"": 4.957088248871916, ""post_mean_nsigma"": 9.70712831844832, ""post_std_nsigma"": 43.323185159928244}",0.081317,train
ch_00041,context,DEV_A,S05,THK2,recipe,RCP_X5,"RCP_X4,RCP_X3,RCP_X5,RCP_X6,RCP_X1,RCP_X2",-1,"{""deviation_type"": ""std"", ""mean_shift"": 0.012723778087859607, ""std_scale"": 1.7441454583710916, ""fleet_std"": 0.05036892373213793, ""fleet_between_std"": 0.012038854405785594, ""fleet_std_between"": 0.0027563566977869556, ""mean_target_nsigma"": 0.0, ""std_target_nsigma"": 4.859331924254647, ""post_mean_nsigma"": 0.3729962383784953, ""post_std_nsigma"": 13.189924315664502}",0.029671,train
ch_00077,context,DEV_C,S03,OVL1,eqp_id,EQP_07,"EQP_08,EQP_06,EQP_04,EQP_03,EQP_02,EQP_01,EQP_07",-1,"{""deviation_type"": ""mean"", ""mean_shift"": -0.15245035726774106, ""std_scale"": 0.9236505008594804, ""fleet_std"": 0.051429536012830165, ""fleet_between_std"": 0.012149727715836037, ""fleet_std_between"": 0.0018709537966207668, ""mean_target_nsigma"": 4.396666723875475, ""std_target_nsigma"": 0.0, ""post_mean_nsigma"": 11.816853255381472, ""post_std_nsigma"": 2.0369310515652317}",0.004862,train
ch_00057,context,DEV_A,S05,CD2,eqp_id,EQP_04,"EQP_05,EQP_02,EQP_01,EQP_04,EQP_08",-1,"{""deviation_type"": ""mean"", ""mean_shift"": 0.10497675160652835, ""std_scale"": 0.9966720653533935, ""fleet_std"": 0.04402760466799485, ""fleet_between_std"": 0.01572575816107096, ""fleet_std_between"": 0.001253118826653444, ""mean_target_nsigma"": 4.171458604247428, ""std_target_nsigma"": 0.0, ""post_mean_nsigma"": 7.334818735561544, ""post_std_nsigma"": 0.10968447953291593}",0.095925,train
ch_00087,context,DEV_D,S04,OVL2,eqp_id,EQP_05,"EQP_03,EQP_04,EQP_05,EQP_02,EQP_08,EQP_01",-1,"{""deviation_type"": ""mean"", ""mean_shift"": -0.14910337015748398, ""std_scale"": 1.0719454177576264, ""fleet_std"": 0.05888173643809646, ""fleet_between_std"": 0.012509402898043342, ""fleet_std_between"": 0.004246997763197856, ""mean_target_nsigma"": 3.5652547190798236, ""std_target_nsigma"": 0.0, ""post_mean_nsigma"": 12.48696808341106, ""post_std_nsigma"": 0.9730982724755288}",0.02684,train
ch_00069,context,DEV_A,S01,THK1,chamber,CH_E,"CH_B,CH_D,CH_A,CH_E,CH_C",-1,"{""deviation_type"": ""mean"", ""mean_shift"": 0.12986903939214453, ""std_scale"": 0.9755235246560271, ""fleet_std"": 0.04157976446296449, ""fleet_between_std"": 0.01092248337814125, ""fleet_std_between"": 0.001, ""mean_target_nsigma"": 3.031060528633752, ""std_target_nsigma"": 0.0, ""post_mean_nsigma"": 10.819086173852412, ""post_std_nsigma"": 0.9816990594333427}",-0.004458,train
ch_00081,context,DEV_E,S04,OVL2,recipe,RCP_X2,"RCP_X6,RCP_X1,RCP_X2,RCP_X5",-1,"{""deviation_type"": ""std"", ""mean_shift"": -0.009313155629821143, ""std_scale"": 1.8086822003294318, ""fleet_std"": 0.06304779137037632, ""fleet_between_std"": 0.012498805110126373, ""fleet_std_between"": 0.0033325987336074118, ""mean_target_nsigma"": 0.0, ""std_target_nsigma"": 3.603662935752002, ""post_mean_nsigma"": 1.3777679506099005, ""post_std_nsigma"": 14.990630814054882}",0.095741,train
ch_00038,context,DEV_E,S03,OVL1,chamber,CH_B,"CH_B,CH_C,CH_E,CH_A,CH_D",-1,"{""deviation_type"": ""std"", ""mean_shift"": -0.003012883280679512, ""std_scale"": 1.628910917812529, ""fleet_std"": 0.04740959943721584, ""fleet_between_std"": 0.0032432549562903027, ""fleet_std_between"": 0.0013932569077676283, ""mean_target_nsigma"": 0.0, ""std_target_nsigma"": 4.810925434431924, ""post_mean_nsigma"": 8.104802749501227, ""post_std_nsigma"": 21.346883324215373}",0.169094,train
ch_00050,context,DEV_C,S05,THK1,chamber,CH_E,"CH_C,CH_A,CH_E,CH_D,CH_B",-1,"{""deviation_type"": ""mean"", ""mean_shift"": -0.16537696608728122, ""std_scale"": 0.9979521441159599, ""fleet_std"": 0.055704389259139, ""fleet_between_std"": 0.010845385068657995, ""fleet_std_between"": 0.002583150954482607, ""mean_target_nsigma"": 4.793512032746331, ""std_target_nsigma"": 0.0, ""post_mean_nsigma"": 13.577686923834815, ""post_std_nsigma"": 0.043291251010684866}",-0.017551,train
ch_00049,context,DEV_C,S01,CD3,recipe,RCP_X6,"RCP_X6,RCP_X4,RCP_X3,RCP_X2,RCP_X5",-1,"{""deviation_type"": ""std"", ""mean_shift"": 0.010366266128558581, ""std_scale"": 1.7068146680866727, ""fleet_std"": 0.05597629256269801, ""fleet_between_std"": 0.011097037034618092, ""fleet_std_between"": 0.0011777446644644961, ""mean_target_nsigma"": 0.0, ""std_target_nsigma"": 4.087183766789705, ""post_mean_nsigma"": 1.6690206019707838, ""post_std_nsigma"": 32.92339272702118}",0.061256,train
ch_00035,context,DEV_E,S05,DEF1,eqp_id,EQP_07,"EQP_07,EQP_02,EQP_05,EQP_06",-1,"{""deviation_type"": ""both"", ""mean_shift"": 0.05373547689574337, ""std_scale"": 5.3025029076745716, ""fleet_std"": 0.012174015651079484, ""fleet_between_std"": 0.011377468199986581, ""fleet_std_between"": 0.001, ""mean_target_nsigma"": 3.219851479845122, ""std_target_nsigma"": 3.1256328354737484, ""post_mean_nsigma"": 3.3360817622823737, ""post_std_nsigma"": 18.418187888889882}",-0.050699,train
ch_00076,context,DEV_C,S04,OVL2,recipe,RCP_X2,"RCP_X5,RCP_X2,RCP_X4,RCP_X1,RCP_X3,RCP_X6",-1,"{""deviation_type"": ""std"", ""mean_shift"": 0.0022188204020431278, ""std_scale"": 2.248717912940933, ""fleet_std"": 0.023723347940676126, ""fleet_between_std"": 0.01106997000528255, ""fleet_std_between"": 0.0015092004632595833, ""mean_target_nsigma"": 0.0, ""std_target_nsigma"": 4.275263137483774, ""post_mean_nsigma"": 0.7209012547573197, ""post_std_nsigma"": 17.28736805593604}",0.050736,train
ch_00071,context,DEV_B,S01,CD1,eqp_id,EQP_06,"EQP_04,EQP_06,EQP_03,EQP_08,EQP_05,EQP_01",-1,"{""deviation_type"": ""mean"", ""mean_shift"": 0.13288515224031017, ""std_scale"": 1.0219977538242133, ""fleet_std"": 0.043311874913165606, ""fleet_between_std"": 0.011352297366048054, ""fleet_std_between"": 0.001, ""mean_target_nsigma"": 3.7086673097849143, ""std_target_nsigma"": 0.0, ""post_mean_nsigma"": 10.200029181648416, ""post_std_nsigma"": 0.919637693152904}",-0.098211,train
ch_00086,context,DEV_B,S03,CD2,recipe,RCP_X2,"RCP_X3,RCP_X6,RCP_X5,RCP_X2,RCP_X4,RCP_X1",-1,"{""deviation_type"": ""both"", ""mean_shift"": 0.12201394802892318, ""std_scale"": 2.0085725452757894, ""fleet_std"": 0.03674927659980248, ""fleet_between_std"": 0.01070886257917365, ""fleet_std_between"": 0.0011859471874670932, ""mean_target_nsigma"": 4.687389469815592, ""std_target_nsigma"": 4.999082237309273, ""post_mean_nsigma"": 9.041373314195218, ""post_std_nsigma"": 29.87273920830692}",0.064845,train
ch_00054,context,DEV_D,S05,THK2,eqp_id,EQP_05,"EQP_04,EQP_06,EQP_03,EQP_02,EQP_05",-1,"{""deviation_type"": ""both"", ""mean_shift"": -0.13707730341597302, ""std_scale"": 1.7388403885600427, ""fleet_std"": 0.05575673043972905, ""fleet_between_std"": 0.012970265993953728, ""fleet_std_between"": 0.001, ""mean_target_nsigma"": 3.625126123093943, ""std_target_nsigma"": 3.860944945049207, ""post_mean_nsigma"": 11.486722395861557, ""post_std_nsigma"": 40.05934299601145}",-0.029649,train
ch_00061,context,DEV_A,S02,DEF1,recipe,RCP_X2,"RCP_X5,RCP_X1,RCP_X4,RCP_X2",-1,"{""deviation_type"": ""both"", ""mean_shift"": -0.13552468512049687, ""std_scale"": 2.1188614016973615, ""fleet_std"": 0.04152115001231766, ""fleet_between_std"": 0.01358513500662534, ""fleet_std_between"": 0.0022157379889231944, ""mean_target_nsigma"": 3.1955481773080887, ""std_target_nsigma"": 4.337820843106353, ""post_mean_nsigma"": 8.650735934067649, ""post_std_nsigma"": 19.863285742050422}",0.075642,train
ch_00051,context,DEV_A,S02,CD3,eqp_id,EQP_04,"EQP_08,EQP_07,EQP_01,EQP_04,EQP_03",-1,"{""deviation_type"": ""std"", ""mean_shift"": -0.0050282760392164755, ""std_scale"": 1.8868754165698387, ""fleet_std"": 0.053738389579754374, ""fleet_between_std"": 0.013868666333517259, ""fleet_std_between"": 0.001, ""mean_target_nsigma"": 0.0, ""std_target_nsigma"": 4.082192964136593, ""post_mean_nsigma"": 0.020356180547959353, ""post_std_nsigma"": 46.018951748639715}",-0.245406,train
ch_00080,context,DEV_A,S01,OVL2,recipe,RCP_X6,"RCP_X1,RCP_X5,RCP_X3,RCP_X4,RCP_X6",-1,"{""deviation_type"": ""both"", ""mean_shift"": 0.19125449991407653, ""std_scale"": 1.598565953003331, ""fleet_std"": 0.06207633172133292, ""fleet_between_std"": 0.0028898272671232204, ""fleet_std_between"": 0.0012424215367150084, ""mean_target_nsigma"": 4.729722181793749, ""std_target_nsigma"": 4.169606861223059, ""post_mean_nsigma"": 54.865805762304625, ""post_std_nsigma"": 29.868044407608913}",0.018485,train
ch_00073,context,DEV_C,S02,CD2,eqp_id,EQP_04,"EQP_01,EQP_08,EQP_03,EQP_06,EQP_02,EQP_07,EQP_04",-1,"{""deviation_type"": ""mean"", ""mean_shift"": 0.13334316757969084, ""std_scale"": 0.9750715539383019, ""fleet_std"": 0.043237492510503135, ""fleet_between_std"": 0.013947408553615663, ""fleet_std_between"": 0.001, ""mean_target_nsigma"": 4.105166070435141, ""std_target_nsigma"": 0.0, ""post_mean_nsigma"": 8.437054176663446, ""post_std_nsigma"": 1.0200370221757973}",-0.041922,train
ch_00043,context,DEV_C,S04,CD2,recipe,RCP_X2,"RCP_X3,RCP_X1,RCP_X5,RCP_X4,RCP_X2,RCP_X6",-1,"{""deviation_type"": ""std"", ""mean_shift"": 0.0012491499907953812, ""std_scale"": 2.341818024345836, ""fleet_std"": 0.024002109481933563, ""fleet_between_std"": 0.012570123494735125, ""fleet_std_between"": 0.001, ""mean_target_nsigma"": 0.0, ""std_target_nsigma"": 3.819770962502685, ""post_mean_nsigma"": 1.2481772570305707, ""post_std_nsigma"": 27.45730445432211}",0.00397,train
ch_00046,context,DEV_A,S04,THK1,recipe,RCP_X5,"RCP_X5,RCP_X6,RCP_X1,RCP_X2,RCP_X3",-1,"{""deviation_type"": ""mean"", ""mean_shift"": 0.17309563650252893, ""std_scale"": 0.9166222150491266, ""fleet_std"": 0.060626879682962674, ""fleet_between_std"": 0.011500644581888068, ""fleet_std_between"": 0.0024464513456612506, ""mean_target_nsigma"": 4.951089442910092, ""std_target_nsigma"": 0.0, ""post_mean_nsigma"": 14.451215074143805, ""post_std_nsigma"": 2.028119006223352}",0.145203,train
ch_00070,context,DEV_A,S03,THK1,recipe,RCP_X1,"RCP_X6,RCP_X3,RCP_X5,RCP_X1,RCP_X4",-1,"{""deviation_type"": ""std"", ""mean_shift"": 0.00035935152768894457, ""std_scale"": 2.63566761699836, ""fleet_std"": 0.022271507228031198, ""fleet_between_std"": 0.012458686019965361, ""fleet_std_between"": 0.001, ""mean_target_nsigma"": 0.0, ""std_target_nsigma"": 3.94838104305584, ""post_mean_nsigma"": 0.9379290813888621, ""post_std_nsigma"": 30.170030155368295}",-0.074137,train
ch_00032,context,DEV_A,S05,CD3,chamber,CH_D,"CH_A,CH_C,CH_B,CH_D",-1,"{""deviation_type"": ""mean"", ""mean_shift"": -0.1288174848995065, ""std_scale"": 0.9813575609914255, ""fleet_std"": 0.05329421115424158, ""fleet_between_std"": 0.015999099650480176, ""fleet_std_between"": 0.001, ""mean_target_nsigma"": 3.946171756862872, ""std_target_nsigma"": 0.0, ""post_mean_nsigma"": 9.307782739814723, ""post_std_nsigma"": 0.946683226617992}",0.00673,train
ch_00091,context,DEV_C,S02,THK2,recipe,RCP_X1,"RCP_X2,RCP_X6,RCP_X4,RCP_X1,RCP_X5",-1,"{""deviation_type"": ""mean"", ""mean_shift"": -0.14714398241586624, ""std_scale"": 0.9832599574291069, ""fleet_std"": 0.05936902457731717, ""fleet_between_std"": 0.016710995702144436, ""fleet_std_between"": 0.001, ""mean_target_nsigma"": 4.744519786646414, ""std_target_nsigma"": 0.0, ""post_mean_nsigma"": 9.641807280050443, ""post_std_nsigma"": 0.9536032067185979}",0.020409,train
ch_00078,context,DEV_A,S02,CD3,chamber,CH_D,"CH_D,CH_B,CH_A,CH_E",-1,"{""deviation_type"": ""std"", ""mean_shift"": 0.0020562966505369012, ""std_scale"": 1.784146399624208, ""fleet_std"": 0.0507163219772074, ""fleet_between_std"": 0.013576508764506789, ""fleet_std_between"": 0.0017278898715884278, ""mean_target_nsigma"": 0.0, ""std_target_nsigma"": 3.889761013250638, ""post_mean_nsigma"": 0.510294194084432, ""post_std_nsigma"": 22.165032311674718}",-0.116858,train
ch_00052,context,DEV_C,S04,CD3,chamber,CH_E,"CH_A,CH_E,CH_D,CH_B",-1,"{""deviation_type"": ""both"", ""mean_shift"": -0.16888425023020803, ""std_scale"": 1.5394461028648687, ""fleet_std"": 0.05480326081084315, ""fleet_between_std"": 0.002060810358679447, ""fleet_std_between"": 0.001, ""mean_target_nsigma"": 4.3295871221276805, ""std_target_nsigma"": 4.962010445082891, ""post_mean_nsigma"": 67.73027567622937, ""post_std_nsigma"": 29.544969717681333}",0.061678,train
ch_00090,context,DEV_A,S04,CD3,recipe,RCP_X4,"RCP_X4,RCP_X2,RCP_X6,RCP_X1",-1,"{""deviation_type"": ""both"", ""mean_shift"": -0.16800982774048961, ""std_scale"": 1.7799314002921987, ""fleet_std"": 0.06053295490303207, ""fleet_between_std"": 0.011789689012088562, ""fleet_std_between"": 0.001, ""mean_target_nsigma"": 3.9335669933061967, ""std_target_nsigma"": 3.910102048222854, ""post_mean_nsigma"": 13.91880529580354, ""post_std_nsigma"": 46.31210384988513}",0.003208,train
ch_00065,context,DEV_B,S02,CD3,eqp_id,EQP_02,"EQP_07,EQP_05,EQP_01,EQP_02",-1,"{""deviation_type"": ""std"", ""mean_shift"": -0.0009182537313883188, ""std_scale"": 2.098628741164482, ""fleet_std"": 0.042535792369563334, ""fleet_between_std"": 0.015534069824177337, ""fleet_std_between"": 0.0011812876408003243, ""mean_target_nsigma"": 0.0, ""std_target_nsigma"": 3.5969955215138776, ""post_mean_nsigma"": 1.3083399091617316, ""post_std_nsigma"": 36.792920110070156}",-0.008473,train
ch_00039,context,DEV_B,S03,THK1,recipe,RCP_X5,"RCP_X6,RCP_X5,RCP_X4,RCP_X2,RCP_X3,RCP_X1",-1,"{""deviation_type"": ""both"", ""mean_shift"": -0.14429778257582088, ""std_scale"": 1.901764964211557, ""fleet_std"": 0.04837184790535219, ""fleet_between_std"": 0.012956691555097438, ""fleet_std_between"": 0.0015538607565090035, ""mean_target_nsigma"": 3.8011247137129924, ""std_target_nsigma"": 4.230439636164858, ""post_mean_nsigma"": 10.50003270409064, ""post_std_nsigma"": 27.035660986849184}",0.070815,train
ch_00082,context,DEV_C,S01,CD2,chamber,CH_E,"CH_A,CH_C,CH_B,CH_D,CH_E",-1,"{""deviation_type"": ""mean"", ""mean_shift"": -0.1775726899648401, ""std_scale"": 1.057956246524138, ""fleet_std"": 0.06070452758721814, ""fleet_between_std"": 0.011635225570446816, ""fleet_std_between"": 0.0016304327975181817, ""mean_target_nsigma"": 3.604245135965556, ""std_target_nsigma"": 0.0, ""post_mean_nsigma"": 13.691814148951194, ""post_std_nsigma"": 2.1170553678369575}",-0.0369,train
ch_00048,context,DEV_C,S02,CD2,chamber,CH_A,"CH_B,CH_E,CH_A,CH_D",-1,"{""deviation_type"": ""both"", ""mean_shift"": 0.16362708435921722, ""std_scale"": 1.7233732471000776, ""fleet_std"": 0.055974648094127846, ""fleet_between_std"": 0.01084377944475061, ""fleet_std_between"": 0.0011225977693876301, ""mean_target_nsigma"": 3.5521682393743617, ""std_target_nsigma"": 3.0021195295976346, ""post_mean_nsigma"": 13.974758312053902, ""post_std_nsigma"": 35.3934582706486}",-0.015182,train
ch_00067,context,DEV_E,S03,THK1,eqp_id,EQP_05,"EQP_04,EQP_05,EQP_01,EQP_06",-1,"{""deviation_type"": ""both"", ""mean_shift"": 0.10191339785317481, ""std_scale"": 1.9169621703645237, ""fleet_std"": 0.042149400401792034, ""fleet_between_std"": 0.012336685572836235, ""fleet_std_between"": 0.001, ""mean_target_nsigma"": 3.743334014771852, ""std_target_nsigma"": 4.594257427035261, ""post_mean_nsigma"": 9.491089655447686, ""post_std_nsigma"": 36.89162744931488}",0.051862,train
ch_00074,context,DEV_D,S05,OVL2,recipe,RCP_X5,"RCP_X6,RCP_X3,RCP_X4,RCP_X5",-1,"{""deviation_type"": ""std"", ""mean_shift"": -0.013032711211282202, ""std_scale"": 2.141377045350972, ""fleet_std"": 0.04130012228234544, ""fleet_between_std"": 0.013372145582033633, ""fleet_std_between"": 0.0012460488280210075, ""mean_target_nsigma"": 0.0, ""std_target_nsigma"": 3.947907518481749, ""post_mean_nsigma"": 0.6668623489478874, ""post_std_nsigma"": 35.750971869060834}",-0.159417,train
ch_00053,context,DEV_A,S03,CD1,chamber,CH_C,"CH_D,CH_E,CH_A,CH_C",-1,"{""deviation_type"": ""mean"", ""mean_shift"": -0.13209903707244142, ""std_scale"": 1.014286831675826, ""fleet_std"": 0.05625196114367862, ""fleet_between_std"": 0.013318329753659775, ""fleet_std_between"": 0.00261929463463967, ""mean_target_nsigma"": 4.260054639742318, ""std_target_nsigma"": 0.0, ""post_mean_nsigma"": 11.007478990603694, ""post_std_nsigma"": 0.29837807079719325}",-0.013925,train
ch_00068,context,DEV_B,S03,OVL2,recipe,RCP_X1,"RCP_X4,RCP_X5,RCP_X1,RCP_X3,RCP_X6",-1,"{""deviation_type"": ""std"", ""mean_shift"": 0.006062937734842892, ""std_scale"": 1.809411975748841, ""fleet_std"": 0.04100706147609249, ""fleet_between_std"": 0.010714084996740744, ""fleet_std_between"": 0.0015195805691003705, ""mean_target_nsigma"": 0.0, ""std_target_nsigma"": 3.0896890671442607, ""post_mean_nsigma"": 1.6347645074728039, ""post_std_nsigma"": 21.067090592215116}",0.032362,train
ch_00062,context,DEV_A,S04,THK1,eqp_id,EQP_06,"EQP_03,EQP_02,EQP_01,EQP_06,EQP_05,EQP_04,EQP_08",-1,"{""deviation_type"": ""both"", ""mean_shift"": -0.10676741319922736, ""std_scale"": 1.840575064893277, ""fleet_std"": 0.04242241869354963, ""fleet_between_std"": 0.014845994887147523, ""fleet_std_between"": 0.0016994794712948656, ""mean_target_nsigma"": 3.5232966693243437, ""std_target_nsigma"": 3.90208831265077, ""post_mean_nsigma"": 7.806033375851301, ""post_std_nsigma"": 19.65579932218712}",0.081299,train
ch_00044,context,DEV_D,S03,OVL1,chamber,CH_C,"CH_D,CH_A,CH_E,CH_B,CH_C",-1,"{""deviation_type"": ""both"", ""mean_shift"": 0.08429302893489182, ""std_scale"": 2.524453873840375, ""fleet_std"": 0.02385956615147657, ""fleet_between_std"": 0.012392297938846822, ""fleet_std_between"": 0.001, ""mean_target_nsigma"": 3.3294827241399663, ""std_target_nsigma"": 4.613724838031057, ""post_mean_nsigma"": 5.468940871165925, ""post_std_nsigma"": 31.05320007437633}",0.118997,train
ch_00040,context,DEV_E,S02,CD3,chamber,CH_E,"CH_A,CH_D,CH_E,CH_B",-1,"{""deviation_type"": ""both"", ""mean_shift"": -0.11092106342532508, ""std_scale"": 1.908646308689225, ""fleet_std"": 0.04823930267559677, ""fleet_between_std"": 0.010728750678272619, ""fleet_std_between"": 0.0017592337373302307, ""mean_target_nsigma"": 3.521919828081376, ""std_target_nsigma"": 4.069940919091508, ""post_mean_nsigma"": 12.146039430578975, ""post_std_nsigma"": 24.274216327004986}",-0.003419,train
ch_00047,context,DEV_A,S05,CD2,eqp_id,EQP_06,"EQP_03,EQP_06,EQP_04,EQP_05,EQP_02,EQP_08",-1,"{""deviation_type"": ""both"", ""mean_shift"": -0.09871647065778395, ""std_scale"": 2.2803657791381844, ""fleet_std"": 0.029923641058108904, ""fleet_between_std"": 0.013500145292465585, ""fleet_std_between"": 0.001614179992252047, ""mean_target_nsigma"": 3.4029715916773666, ""std_target_nsigma"": 4.906758294949578, ""post_mean_nsigma"": 6.503946807599765, ""post_std_nsigma"": 21.147494361035854}",-0.025534,train
ch_00079,context,DEV_D,S05,CD1,chamber,CH_E,"CH_C,CH_E,CH_D,CH_B",-1,"{""deviation_type"": ""both"", ""mean_shift"": -0.07893927141727489, ""std_scale"": 2.5212936774589574, ""fleet_std"": 0.02386887847284266, ""fleet_between_std"": 0.01340939698241475, ""fleet_std_between"": 0.001, ""mean_target_nsigma"": 4.060016916968004, ""std_target_nsigma"": 3.144812970742539, ""post_mean_nsigma"": 4.471777227528659, ""post_std_nsigma"": 30.0195207504782}",-0.071007,train
ch_00063,context,DEV_C,S04,THK1,recipe,RCP_X3,"RCP_X3,RCP_X2,RCP_X4,RCP_X1,RCP_X5",-1,"{""deviation_type"": ""both"", ""mean_shift"": 0.13208029336367116, ""std_scale"": 1.9387879434331263, ""fleet_std"": 0.04238592081986966, ""fleet_between_std"": 0.013466843258368668, ""fleet_std_between"": 0.001114706786008558, ""mean_target_nsigma"": 4.380308218417115, ""std_target_nsigma"": 4.884934031515046, ""post_mean_nsigma"": 8.474314506874531, ""post_std_nsigma"": 33.8272106459871}",-0.07493,train
ch_00085,context,DEV_A,S04,CD2,chamber,CH_A,"CH_D,CH_B,CH_A,CH_C",-1,"{""deviation_type"": ""std"", ""mean_shift"": 0.002199556966115221, ""std_scale"": 2.181646724747654, ""fleet_std"": 0.06120379708470768, ""fleet_between_std"": 0.01714363027950475, ""fleet_std_between"": 0.0024262095429086784, ""mean_target_nsigma"": 0.0, ""std_target_nsigma"": 4.041503957631424, ""post_mean_nsigma"": 0.14695590537780948, ""post_std_nsigma"": 28.61654002484746}",-0.275623,train
ch_00083,context,DEV_B,S03,CD1,eqp_id,EQP_03,"EQP_04,EQP_08,EQP_03,EQP_06",-1,"{""deviation_type"": ""std"", ""mean_shift"": 0.003939965986685336, ""std_scale"": 1.8719206629476686, ""fleet_std"": 0.06339818687332438, ""fleet_between_std"": 0.014355343854867381, ""fleet_std_between"": 0.0015344236162976887, ""mean_target_nsigma"": 0.0, ""std_target_nsigma"": 3.3476978826667816, ""post_mean_nsigma"": 0.9098566712188776, ""post_std_nsigma"": 35.0336518396395}",0.055711,train
ch_00084,context,DEV_A,S02,DEF1,recipe,RCP_X1,"RCP_X1,RCP_X3,RCP_X6,RCP_X4,RCP_X5,RCP_X2",-1,"{""deviation_type"": ""both"", ""mean_shift"": 0.1568854099333522, ""std_scale"": 1.8573328512061427, ""fleet_std"": 0.06280503871423232, ""fleet_between_std"": 0.014320782532882366, ""fleet_std_between"": 0.0015079386326737082, ""mean_target_nsigma"": 3.7428981753793082, ""std_target_nsigma"": 3.6811331453560943, ""post_mean_nsigma"": 11.915924318445565, ""post_std_nsigma"": 34.75198069290143}",-0.095308,train
ch_00075,context,DEV_E,S03,OVL1,chamber,CH_E,"CH_D,CH_C,CH_B,CH_A,CH_E",-1,"{""deviation_type"": ""both"", ""mean_shift"": -0.10460883955246453, ""std_scale"": 2.1436277852815593, ""fleet_std"": 0.043604012722160586, ""fleet_between_std"": 0.01599725290934923, ""fleet_std_between"": 0.0019459459028274711, ""mean_target_nsigma"": 3.476802821218154, ""std_target_nsigma"": 3.486695605428312, ""post_mean_nsigma"": 8.062123459509749, ""post_std_nsigma"": 23.846060022215806}",-0.043092,train
ch_00058,context,DEV_D,S03,DEF1,chamber,CH_C,"CH_E,CH_B,CH_C,CH_D",-1,"{""deviation_type"": ""both"", ""mean_shift"": -0.13087664113720127, ""std_scale"": 2.1562576199420986, ""fleet_std"": 0.043142760902806866, ""fleet_between_std"": 0.015508983198580671, ""fleet_std_between"": 0.0011074624943048102, ""mean_target_nsigma"": 4.266732366281852, ""std_target_nsigma"": 4.32489771940645, ""post_mean_nsigma"": 7.948951679536409, ""post_std_nsigma"": 41.99643756763063}",-0.07474,train
ch_00089,context,DEV_E,S03,OVL2,recipe,RCP_X4,"RCP_X1,RCP_X2,RCP_X4,RCP_X3",-1,"{""deviation_type"": ""both"", ""mean_shift"": 0.1749667349055188, ""std_scale"": 2.004256804227999, ""fleet_std"": 0.057017395548927215, ""fleet_between_std"": 0.015822354009029455, ""fleet_std_between"": 0.0021915095081727746, ""mean_target_nsigma"": 3.9991501452847356, ""std_target_nsigma"": 3.4442570722329355, ""post_mean_nsigma"": 9.805348071004898, ""post_std_nsigma"": 25.068432439288273}",-0.013703,train
ch_00028,drift,DEV_D,S02,THK2,eqp_id,EQP_02,"EQP_02,EQP_04,EQP_05,EQP_07",539,"{""slope"": -0.0026826419863512437, ""sigma_factor"": 0.6823651517664981, ""baseline_std"": 0.04971337830686408, ""max_drift"": 0.20924607493539701, ""fleet_range"": 0.17437172911283086}",-0.162342,train
ch_00024,drift,DEV_D,S01,DEF1,eqp_id,EQP_05,"EQP_05,EQP_01,EQP_02,EQP_03",685,"{""slope"": -0.004713795982419573, ""sigma_factor"": 0.8731179269850005, ""baseline_std"": 0.02686748295658293, ""max_drift"": 0.11313110357806974, ""fleet_range"": 0.09427591964839145}",-0.067841,train
ch_00026,drift,DEV_C,S01,CD3,eqp_id,EQP_03,"EQP_02,EQP_04,EQP_06,EQP_03,EQP_01,EQP_05,EQP_07",684,"{""slope"": -0.0020682926127281467, ""sigma_factor"": 1.490816368123018, ""baseline_std"": 0.05212004727990009, ""max_drift"": 0.2047609686600865, ""fleet_range"": 0.1706341405500721}",-0.075022,train
ch_00030,drift,DEV_A,S02,CD1,chamber,CH_B,"CH_D,CH_A,CH_B,CH_E,CH_C",613,"{""slope"": 0.002511318945460021, ""sigma_factor"": 1.2702567564121523, ""baseline_std"": 0.04750658975268341, ""max_drift"": 0.21095079141864176, ""fleet_range"": 0.17579232618220147}",0.043795,train
ch_00029,drift,DEV_E,S04,CD3,chamber,CH_B,"CH_E,CH_C,CH_D,CH_A,CH_B",564,"{""slope"": 0.004140945686867274, ""sigma_factor"": 1.3223673665916587, ""baseline_std"": 0.04878584813709816, ""max_drift"": 0.19462444728276188, ""fleet_range"": 0.16218703940230156}",-0.007389,train
ch_00031,drift,DEV_D,S04,THK1,eqp_id,EQP_06,"EQP_07,EQP_02,EQP_06,EQP_04,EQP_01,EQP_05,EQP_03",546,"{""slope"": 0.0020644015303293087, ""sigma_factor"": 1.846052853492906, ""baseline_std"": 0.0530082460662492, ""max_drift"": 0.2105689560935895, ""fleet_range"": 0.17547413007799126}",-0.078814,train
ch_00027,drift,DEV_E,S04,CD1,chamber,CH_D,"CH_B,CH_C,CH_D,CH_A",423,"{""slope"": 0.003637699696996342, ""sigma_factor"": 1.7599042049389282, ""baseline_std"": 0.05101644839197628, ""max_drift"": 0.21462428212278417, ""fleet_range"": 0.17885356843565348}",0.070708,train
ch_00004,mean_shift,DEV_D,S05,CD3,chamber,CH_D,"CH_D,CH_C,CH_A,CH_E,CH_B",885,"{""shift"": -0.10885812346911454, ""sigma_factor"": 2.0401040044365373, ""baseline_std"": 0.05335910484582398}",0.058347,train
ch_00000,mean_shift,DEV_A,S04,OVL1,chamber,CH_B,"CH_C,CH_A,CH_D,CH_E,CH_B",647,"{""shift"": -0.1111100574865571, ""sigma_factor"": 2.434234267540363, ""baseline_std"": 0.0456447676249446}",0.005709,train
ch_00002,mean_shift,DEV_E,S02,THK2,recipe,RCP_X4,"RCP_X2,RCP_X3,RCP_X6,RCP_X4,RCP_X1",492,"{""shift"": -0.07356202890175122, ""sigma_factor"": 1.3979345920893955, ""baseline_std"": 0.05262193905066987}",-0.00544,train
ch_00006,mean_shift,DEV_D,S01,THK2,eqp_id,EQP_06,"EQP_03,EQP_08,EQP_02,EQP_07,EQP_04,EQP_05,EQP_06",854,"{""shift"": 0.09128516043993333, ""sigma_factor"": 1.9062833230159266, ""baseline_std"": 0.047886460180279644}",0.271431,train
ch_00005,mean_shift,DEV_C,S03,THK2,recipe,RCP_X3,"RCP_X6,RCP_X3,RCP_X5,RCP_X4",623,"{""shift"": -0.08071712818751803, ""sigma_factor"": 1.603843266391994, ""baseline_std"": 0.05032731681388001}",-0.186707,train
ch_00001,mean_shift,DEV_A,S05,OVL1,recipe,RCP_X4,"RCP_X3,RCP_X5,RCP_X1,RCP_X4,RCP_X2,RCP_X6",646,"{""shift"": -0.0601452790723183, ""sigma_factor"": 1.7909093568752898, ""baseline_std"": 0.03358365337777758}",0.147934,train
ch_00007,mean_shift,DEV_B,S03,OVL2,recipe,RCP_X5,"RCP_X5,RCP_X3,RCP_X6,RCP_X2,RCP_X1,RCP_X4",440,"{""shift"": -0.045829491658659106, ""sigma_factor"": 1.7818166499870034, ""baseline_std"": 0.02572065518581465}",0.183327,train
ch_00099,normal,DEV_D,S05,DEF1,recipe,RCP_X5,"RCP_X4,RCP_X6,RCP_X3,RCP_X1,RCP_X2,RCP_X5",-1,{},0.176555,train
ch_00108,normal,DEV_D,S03,OVL1,eqp_id,EQP_07,"EQP_05,EQP_08,EQP_02,EQP_07,EQP_03,EQP_01",-1,{},0.117135,train
ch_00131,normal,DEV_B,S05,CD1,eqp_id,EQP_02,"EQP_05,EQP_06,EQP_02,EQP_07,EQP_04,EQP_03,EQP_01",-1,{},-0.050826,train
ch_00110,normal,DEV_C,S02,CD1,eqp_id,EQP_04,"EQP_06,EQP_08,EQP_05,EQP_01,EQP_03,EQP_07,EQP_04",-1,{},-0.033245,train
ch_00130,normal,DEV_A,S03,THK1,eqp_id,EQP_02,"EQP_06,EQP_05,EQP_07,EQP_03,EQP_02,EQP_08,EQP_01",-1,{},0.06037,train
ch_00117,normal,DEV_C,S01,OVL2,eqp_id,EQP_01,"EQP_06,EQP_01,EQP_04,EQP_05,EQP_02",-1,{},-0.110982,train
ch_00103,normal,DEV_D,S01,CD2,chamber,CH_B,"CH_C,CH_B,CH_A,CH_D,CH_E",-1,{},-0.170993,train
ch_00104,normal,DEV_E,S02,CD1,recipe,RCP_X2,"RCP_X6,RCP_X1,RCP_X5,RCP_X4,RCP_X2,RCP_X3",-1,{},-0.123371,train
ch_00128,normal,DEV_E,S05,THK1,eqp_id,EQP_05,"EQP_05,EQP_04,EQP_02,EQP_03",-1,{},0.052818,train
ch_00101,normal,DEV_E,S04,DEF1,chamber,CH_C,"CH_B,CH_E,CH_C,CH_A",-1,{},0.085165,train
ch_00129,normal,DEV_D,S01,THK2,chamber,CH_E,"CH_B,CH_E,CH_D,CH_A,CH_C",-1,{},-0.133512,train
ch_00127,normal,DEV_C,S03,DEF1,eqp_id,EQP_08,"EQP_07,EQP_01,EQP_02,EQP_04,EQP_08,EQP_06,EQP_05",-1,{},0.010774,train
ch_00132,normal,DEV_E,S04,CD1,recipe,RCP_X4,"RCP_X1,RCP_X4,RCP_X6,RCP_X3",-1,{},-0.006702,train
ch_00121,normal,DEV_D,S03,CD1,recipe,RCP_X6,"RCP_X4,RCP_X3,RCP_X6,RCP_X1,RCP_X2",-1,{},-0.014384,train
ch_00093,normal,DEV_A,S02,CD2,chamber,CH_D,"CH_A,CH_B,CH_C,CH_D,CH_E",-1,{},0.059726,train
ch_00109,normal,DEV_D,S05,CD2,eqp_id,EQP_01,"EQP_03,EQP_06,EQP_01,EQP_07,EQP_02,EQP_08,EQP_04",-1,{},-0.123144,train
ch_00118,normal,DEV_C,S03,CD1,chamber,CH_A,"CH_B,CH_A,CH_D,CH_E,CH_C",-1,{},-0.085904,train
ch_00096,normal,DEV_E,S02,THK1,chamber,CH_C,"CH_C,CH_E,CH_D,CH_A,CH_B",-1,{},0.028256,train
ch_00106,normal,DEV_A,S02,THK2,recipe,RCP_X5,"RCP_X5,RCP_X6,RCP_X3,RCP_X2",-1,{},0.027069,train
ch_00119,normal,DEV_E,S01,DEF1,eqp_id,EQP_01,"EQP_02,EQP_08,EQP_05,EQP_06,EQP_03,EQP_01,EQP_04",-1,{},0.087453,train
ch_00094,normal,DEV_C,S04,DEF1,chamber,CH_E,"CH_E,CH_A,CH_D,CH_C",-1,{},-0.179075,train
ch_00105,normal,DEV_B,S02,OVL2,recipe,RCP_X4,"RCP_X2,RCP_X4,RCP_X5,RCP_X6,RCP_X3",-1,{},-0.085574,train
ch_00111,normal,DEV_B,S03,THK2,recipe,RCP_X1,"RCP_X4,RCP_X3,RCP_X6,RCP_X5,RCP_X2,RCP_X1",-1,{},-0.030226,train
ch_00092,normal,DEV_E,S05,OVL2,recipe,RCP_X1,"RCP_X2,RCP_X6,RCP_X4,RCP_X1",-1,{},0.000274,train
ch_00123,normal,DEV_C,S04,OVL1,chamber,CH_C,"CH_B,CH_A,CH_E,CH_D,CH_C",-1,{},0.04816,train
ch_00102,normal,DEV_D,S03,OVL2,chamber,CH_C,"CH_E,CH_B,CH_A,CH_C",-1,{},0.068912,train
ch_00120,normal,DEV_C,S01,DEF1,recipe,RCP_X4,"RCP_X5,RCP_X1,RCP_X3,RCP_X4,RCP_X6,RCP_X2",-1,{},0.081451,train
ch_00133,normal,DEV_E,S04,THK2,recipe,RCP_X1,"RCP_X3,RCP_X2,RCP_X1,RCP_X5,RCP_X6",-1,{},-0.104928,train
ch_00126,normal,DEV_A,S03,CD3,chamber,CH_C,"CH_C,CH_B,CH_A,CH_E,CH_D",-1,{},-0.05324,train
ch_00115,normal,DEV_E,S05,OVL1,recipe,RCP_X2,"RCP_X5,RCP_X3,RCP_X4,RCP_X1,RCP_X2,RCP_X6",-1,{},-0.097378,train
ch_00097,normal,DEV_D,S01,THK2,recipe,RCP_X5,"RCP_X4,RCP_X2,RCP_X5,RCP_X1,RCP_X6",-1,{},0.040138,train
ch_00112,normal,DEV_E,S04,CD3,chamber,CH_C,"CH_D,CH_A,CH_B,CH_C",-1,{},-0.040951,train
ch_00114,normal,DEV_B,S05,THK2,eqp_id,EQP_02,"EQP_06,EQP_02,EQP_05,EQP_03,EQP_01,EQP_07,EQP_08",-1,{},0.072361,train
ch_00125,normal,DEV_B,S03,DEF1,recipe,RCP_X5,"RCP_X1,RCP_X2,RCP_X4,RCP_X6,RCP_X5",-1,{},-0.094512,train
ch_00098,normal,DEV_C,S01,OVL2,eqp_id,EQP_03,"EQP_07,EQP_01,EQP_03,EQP_04",-1,{},-0.097108,train
ch_00022,spike,DEV_A,S01,DEF1,recipe,RCP_X1,"RCP_X1,RCP_X2,RCP_X3,RCP_X5,RCP_X6",486,"{""num_spikes"": 28, ""avg_magnitude"": 0.09953475419023329, ""baseline_std"": 0.02729098881360026}",0.023621,train
ch_00021,spike,DEV_C,S03,OVL1,eqp_id,EQP_04,"EQP_04,EQP_08,EQP_06,EQP_01,EQP_03,EQP_02",838,"{""num_spikes"": 14, ""avg_magnitude"": 0.2252687880812067, ""baseline_std"": 0.05926831699884897}",-0.04308,train
ch_00017,spike,DEV_A,S03,CD3,chamber,CH_C,"CH_E,CH_B,CH_A,CH_D,CH_C",520,"{""num_spikes"": 18, ""avg_magnitude"": 0.037698404402903646, ""baseline_std"": 0.01}",0.099949,train
ch_00016,spike,DEV_E,S05,CD2,eqp_id,EQP_08,"EQP_05,EQP_02,EQP_01,EQP_07,EQP_08",533,"{""num_spikes"": 21, ""avg_magnitude"": 0.22206227699772954, ""baseline_std"": 0.05876326957473941}",-0.084506,train
ch_00023,spike,DEV_E,S01,CD1,chamber,CH_C,"CH_E,CH_A,CH_D,CH_C,CH_B",722,"{""num_spikes"": 51, ""avg_magnitude"": 0.16730321851225272, ""baseline_std"": 0.044240849524669335}",0.139273,train
ch_00020,spike,DEV_C,S04,THK2,chamber,CH_C,"CH_D,CH_C,CH_B,CH_A",689,"{""num_spikes"": 18, ""avg_magnitude"": 0.19703605844617844, ""baseline_std"": 0.04982012892312986}",0.114308,train
ch_00019,spike,DEV_D,S05,CD3,eqp_id,EQP_01,"EQP_07,EQP_08,EQP_01,EQP_06,EQP_05,EQP_04,EQP_02",639,"{""num_spikes"": 41, ""avg_magnitude"": 0.2049629255775442, ""baseline_std"": 0.054792168279302826}",0.228455,train
ch_00013,standard_deviation,DEV_B,S04,THK1,chamber,CH_A,"CH_C,CH_A,CH_B,CH_D",563,"{""scale"": 1.934443627737104, ""baseline_std"": 0.05813191753375615, ""target_std"": 0.1124529174413134, ""extra_std"": 0.09626182423428002}",0.103231,train
ch_00011,standard_deviation,DEV_E,S05,DEF1,eqp_id,EQP_01,"EQP_05,EQP_01,EQP_03,EQP_04",976,"{""scale"": 1.5289322428829646, ""baseline_std"": 0.02939254390556554, ""target_std"": 0.04493920807757233, ""extra_std"": 0.03399427577399972}",0.034966,train
ch_00009,standard_deviation,DEV_D,S02,OVL1,eqp_id,EQP_01,"EQP_01,EQP_03,EQP_07,EQP_06,EQP_04,EQP_08",520,"{""scale"": 1.878153865300985, ""baseline_std"": 0.034476034625508786, ""target_std"": 0.06475129769214992, ""extra_std"": 0.054809977096493476}",0.07711,train
ch_00012,standard_deviation,DEV_B,S03,CD2,recipe,RCP_X4,"RCP_X5,RCP_X6,RCP_X2,RCP_X4,RCP_X1,RCP_X3",725,"{""scale"": 1.6876237082567587, ""baseline_std"": 0.054454029370394605, ""target_std"": 0.09189791097558779, ""extra_std"": 0.07402691893497433}",0.01057,train
ch_00010,standard_deviation,DEV_D,S05,CD3,chamber,CH_A,"CH_B,CH_E,CH_A,CH_C,CH_D",855,"{""scale"": 2.0772014400383734, ""baseline_std"": 0.05979671947942707, ""target_std"": 0.12420983181223656, ""extra_std"": 0.10886888746709411}",-0.212343,train
ch_00008,standard_deviation,DEV_E,S05,OVL1,eqp_id,EQP_04,"EQP_04,EQP_03,EQP_07,EQP_02,EQP_08,EQP_06,EQP_01",668,"{""scale"": 2.366809895624867, ""baseline_std"": 0.05142668595127032, ""target_std"": 0.12171718920865893, ""extra_std"": 0.11031940047392341}",-0.162053,train
ch_00015,standard_deviation,DEV_B,S03,DEF1,eqp_id,EQP_02,"EQP_01,EQP_05,EQP_03,EQP_02",380,"{""scale"": 2.379442228358448, ""baseline_std"": 0.05781681452339562, ""target_std"": 0.13757176998613557, ""extra_std"": 0.12483271949086691}",0.16913,train
ch_00045,context,DEV_E,S04,OVL2,eqp_id,EQP_05,"EQP_01,EQP_03,EQP_05,EQP_07,EQP_04,EQP_02",-1,"{""deviation_type"": ""both"", ""mean_shift"": -0.07667388827823413, ""std_scale"": 2.4574439422773673, ""fleet_std"": 0.023758609268975717, ""fleet_between_std"": 0.013167873867556737, ""fleet_std_between"": 0.001, ""mean_target_nsigma"": 3.430300914485541, ""std_target_nsigma"": 3.0570236415120933, ""post_mean_nsigma"": 4.463161377781529, ""post_std_nsigma"": 28.695633225545}",0.009645,val
ch_00064,context,DEV_E,S05,THK1,chamber,CH_D,"CH_B,CH_C,CH_A,CH_E,CH_D",-1,"{""deviation_type"": ""both"", ""mean_shift"": 0.10705821293488674, ""std_scale"": 2.055528653399119, ""fleet_std"": 0.04302803771208481, ""fleet_between_std"": 0.015245012417966544, ""fleet_std_between"": 0.0011982720323051319, ""mean_target_nsigma"": 3.8102039796442586, ""std_target_nsigma"": 4.177785937563023, ""post_mean_nsigma"": 7.689263504910043, ""post_std_nsigma"": 35.4235279057696}",0.038965,val
ch_00055,context,DEV_B,S05,THK2,chamber,CH_B,"CH_C,CH_B,CH_A,CH_D",-1,"{""deviation_type"": ""mean"", ""mean_shift"": 0.10632769344240486, ""std_scale"": 0.9741053396168948, ""fleet_std"": 0.035279440958323, ""fleet_between_std"": 0.013440794125870266, ""fleet_std_between"": 0.003814617935738661, ""mean_target_nsigma"": 3.783338596649238, ""std_target_nsigma"": 0.0, ""post_mean_nsigma"": 7.409445609833916, ""post_std_nsigma"": 0.21986102819442008}",0.022647,val
ch_00036,context,DEV_B,S04,DEF1,chamber,CH_A,"CH_B,CH_C,CH_E,CH_D,CH_A",-1,"{""deviation_type"": ""mean"", ""mean_shift"": 0.1449263413045077, ""std_scale"": 0.9830927699700929, ""fleet_std"": 0.049429230731958346, ""fleet_between_std"": 0.01503535476460761, ""fleet_std_between"": 0.001, ""mean_target_nsigma"": 4.087239344491826, ""std_target_nsigma"": 0.0, ""post_mean_nsigma"": 8.918312956496392, ""post_std_nsigma"": 0.7959020913006626}",-0.008624,val
ch_00066,context,DEV_D,S04,DEF1,recipe,RCP_X4,"RCP_X3,RCP_X6,RCP_X2,RCP_X5,RCP_X4",-1,"{""deviation_type"": ""both"", ""mean_shift"": -0.13501536425167748, ""std_scale"": 1.6203750613032506, ""fleet_std"": 0.0398461046645302, ""fleet_between_std"": 0.0025265302064396812, ""fleet_std_between"": 0.001, ""mean_target_nsigma"": 3.9282194409742583, ""std_target_nsigma"": 3.1539527043072226, ""post_mean_nsigma"": 41.07138672767202, ""post_std_nsigma"": 24.65615011872272}",0.034014,val
ch_00033,context,DEV_A,S02,THK2,eqp_id,EQP_06,"EQP_07,EQP_06,EQP_01,EQP_03,EQP_08",-1,"{""deviation_type"": ""std"", ""mean_shift"": -0.002456526951283941, ""std_scale"": 1.898966795415493, ""fleet_std"": 0.05285219786082797, ""fleet_between_std"": 0.013800114129633013, ""fleet_std_between"": 0.0012591716458554955, ""mean_target_nsigma"": 0.0, ""std_target_nsigma"": 3.4132273563340663, ""post_mean_nsigma"": 0.5567818610612024, ""post_std_nsigma"": 36.42408417297557}",0.456728,val
ch_00060,context,DEV_E,S02,THK1,eqp_id,EQP_05,"EQP_03,EQP_02,EQP_01,EQP_06,EQP_08,EQP_05,EQP_07",-1,"{""deviation_type"": ""std"", ""mean_shift"": 0.00030743425326116604, ""std_scale"": 1.9594485236439085, ""fleet_std"": 0.04131316208206182, ""fleet_between_std"": 0.01351989870676002, ""fleet_std_between"": 0.001673263291970887, ""mean_target_nsigma"": 0.0, ""std_target_nsigma"": 4.847904647858776, ""post_mean_nsigma"": 0.8473235061723322, ""post_std_nsigma"": 22.374885351429967}",-0.11488,val
ch_00059,context,DEV_A,S03,OVL2,eqp_id,EQP_01,"EQP_01,EQP_03,EQP_07,EQP_05",-1,"{""deviation_type"": ""std"", ""mean_shift"": -0.0009257042088363018, ""std_scale"": 2.0299844490520456, ""fleet_std"": 0.041794657114600814, ""fleet_between_std"": 0.011938485357922964, ""fleet_std_between"": 0.0030701632167213382, ""mean_target_nsigma"": 0.0, ""std_target_nsigma"": 4.976043521229296, ""post_mean_nsigma"": 0.9575627937892198, ""post_std_nsigma"": 13.398809208481914}",-0.030182,val
ch_00042,context,DEV_A,S03,CD2,chamber,CH_B,"CH_C,CH_A,CH_B,CH_E",-1,"{""deviation_type"": ""both"", ""mean_shift"": 0.1301651063226106, ""std_scale"": 1.9809134413478204, ""fleet_std"": 0.048892587233382495, ""fleet_between_std"": 0.012810901402218819, ""fleet_std_between"": 0.0021489601369437754, ""mean_target_nsigma"": 4.964622633953919, ""std_target_nsigma"": 3.807686231460291, ""post_mean_nsigma"": 10.468386463454285, ""post_std_nsigma"": 21.51277159067886}",-0.063588,val
ch_00072,context,DEV_C,S02,CD3,recipe,RCP_X5,"RCP_X6,RCP_X4,RCP_X3,RCP_X5",-1,"{""deviation_type"": ""both"", ""mean_shift"": -0.1258346110313916, ""std_scale"": 2.1183370329072404, ""fleet_std"": 0.04201172972395021, ""fleet_between_std"": 0.012805064291136748, ""fleet_std_between"": 0.001, ""mean_target_nsigma"": 4.1902865919636625, ""std_target_nsigma"": 3.1128740538426483, ""post_mean_nsigma"": 8.544701078486598, ""post_std_nsigma"": 44.72464428436033}",0.004412,val
ch_00037,context,DEV_C,S04,THK1,recipe,RCP_X3,"RCP_X2,RCP_X4,RCP_X5,RCP_X6,RCP_X1,RCP_X3",-1,"{""deviation_type"": ""std"", ""mean_shift"": -0.001421746310110647, ""std_scale"": 1.7539882144498293, ""fleet_std"": 0.048034343866209625, ""fleet_between_std"": 0.012410647342151125, ""fleet_std_between"": 0.0011558316744445351, ""mean_target_nsigma"": 0.0, ""std_target_nsigma"": 4.789994124086171, ""post_mean_nsigma"": 1.2610058746329162, ""post_std_nsigma"": 30.253409100737553}",-0.102516,val
ch_00025,drift,DEV_C,S03,THK2,chamber,CH_C,"CH_C,CH_B,CH_A,CH_D,CH_E",562,"{""slope"": 0.0023342551496381646, ""sigma_factor"": 1.3597170106331284, ""baseline_std"": 0.05005577500713214, ""max_drift"": 0.212417218617073, ""fleet_range"": 0.17701434884756084}",-0.069419,val
ch_00003,mean_shift,DEV_E,S02,OVL2,chamber,CH_E,"CH_D,CH_C,CH_A,CH_E",712,"{""shift"": 0.10388204202709186, ""sigma_factor"": 2.3523640173520217, ""baseline_std"": 0.044160700155594305}",-0.170891,val
ch_00107,normal,DEV_A,S03,CD2,chamber,CH_D,"CH_E,CH_A,CH_C,CH_D",-1,{},0.065593,val
ch_00124,normal,DEV_A,S03,OVL2,chamber,CH_D,"CH_E,CH_C,CH_A,CH_D",-1,{},0.034897,val
ch_00113,normal,DEV_A,S04,CD2,eqp_id,EQP_02,"EQP_03,EQP_08,EQP_05,EQP_04,EQP_01,EQP_02,EQP_06",-1,{},0.027786,val
ch_00116,normal,DEV_A,S03,CD2,chamber,CH_B,"CH_D,CH_E,CH_A,CH_B",-1,{},-0.000678,val
ch_00095,normal,DEV_C,S01,CD1,chamber,CH_E,"CH_A,CH_D,CH_E,CH_B,CH_C",-1,{},-0.017427,val
ch_00100,normal,DEV_B,S05,CD1,recipe,RCP_X3,"RCP_X5,RCP_X3,RCP_X4,RCP_X2,RCP_X1,RCP_X6",-1,{},0.145184,val
ch_00122,normal,DEV_C,S05,CD2,chamber,CH_D,"CH_A,CH_D,CH_B,CH_E,CH_C",-1,{},0.106469,val
ch_00018,spike,DEV_C,S02,CD2,eqp_id,EQP_03,"EQP_07,EQP_05,EQP_02,EQP_06,EQP_04,EQP_03,EQP_08",609,"{""num_spikes"": 21, ""avg_magnitude"": 0.22733695897193934, ""baseline_std"": 0.058358692017607634}",-0.072923,val
ch_00014,standard_deviation,DEV_B,S03,CD3,eqp_id,EQP_04,"EQP_08,EQP_01,EQP_02,EQP_04",617,"{""scale"": 1.9088212170959422, ""baseline_std"": 0.06049845916962516, ""target_std"": 0.11548074246459306, ""extra_std"": 0.0983653308756437}",-0.004705,val
ch_00134,mean_shift,DEV_C,S04,CD2,eqp_id,EQP_05,"EQP_01,EQP_05,EQP_06,EQP_08,EQP_07,EQP_02,EQP_04",906,"{""shift"": 0.0577419077886307, ""sigma_factor"": 1.3381824443619086, ""baseline_std"": 0.04314950329225401}",-0.218598,test
ch_00135,mean_shift,DEV_B,S05,THK1,chamber,CH_A,"CH_B,CH_E,CH_D,CH_A,CH_C",356,"{""shift"": -0.06369295792088982, ""sigma_factor"": 1.6738820083678823, ""baseline_std"": 0.038051043981883526}",0.133453,test
ch_00136,standard_deviation,DEV_B,S02,CD1,chamber,CH_B,"CH_A,CH_D,CH_B,CH_E",821,"{""scale"": 1.8086434953161048, ""baseline_std"": 0.034420860178432905, ""target_std"": 0.06225506486490781, ""extra_std"": 0.05187386129748441}",0.07598,test
ch_00137,standard_deviation,DEV_C,S03,CD2,recipe,RCP_X3,"RCP_X5,RCP_X6,RCP_X2,RCP_X1,RCP_X3",476,"{""scale"": 1.98854913635633, ""baseline_std"": 0.02942818606589404, ""target_std"": 0.058519393985866974, ""extra_std"": 0.0505816304338269}",0.014703,test
ch_00138,spike,DEV_A,S03,CD1,chamber,CH_A,"CH_A,CH_C,CH_E,CH_B,CH_D",852,"{""num_spikes"": 23, ""avg_magnitude"": 0.11874413015705064, ""baseline_std"": 0.04182304636272429}",-0.041485,test
ch_00139,spike,DEV_D,S01,CD2,recipe,RCP_X3,"RCP_X4,RCP_X2,RCP_X6,RCP_X5,RCP_X3,RCP_X1",726,"{""num_spikes"": 33, ""avg_magnitude"": 0.05612779634601247, ""baseline_std"": 0.019672125909225995}",0.089648,test
ch_00140,drift,DEV_E,S03,THK1,recipe,RCP_X1,"RCP_X4,RCP_X3,RCP_X1,RCP_X6,RCP_X5",485,"{""slope"": -0.004692856446762586, ""sigma_factor"": 0.7293957581339964, ""baseline_std"": 0.05460611082390171, ""max_drift"": 0.22994996589136668, ""fleet_range"": 0.19162497157613892}",-0.045945,test
ch_00141,drift,DEV_B,S01,CD1,recipe,RCP_X4,"RCP_X1,RCP_X4,RCP_X2,RCP_X5",585,"{""slope"": 0.0022473199884169705, ""sigma_factor"": 0.5810581569403408, ""baseline_std"": 0.05635804319951756, ""max_drift"": 0.229226638818531, ""fleet_range"": 0.1910221990154425}",0.279165,test
ch_00142,context,DEV_D,S01,OVL1,eqp_id,EQP_02,"EQP_01,EQP_02,EQP_03,EQP_06,EQP_07,EQP_08,EQP_05",-1,"{""deviation_type"": ""std"", ""mean_shift"": 0.004279169309680066, ""std_scale"": 2.167300533419092, ""fleet_std"": 0.03504729351507759, ""fleet_between_std"": 0.0160720202659182, ""fleet_std_between"": 0.001855033477907953, ""mean_target_nsigma"": 0.0, ""std_target_nsigma"": 4.155941419559723, ""post_mean_nsigma"": 1.0105526477915503, ""post_std_nsigma"": 19.57404546187497}",-0.126607,test
ch_00143,context,DEV_E,S01,OVL1,recipe,RCP_X5,"RCP_X3,RCP_X4,RCP_X6,RCP_X5,RCP_X1,RCP_X2",-1,"{""deviation_type"": ""mean"", ""mean_shift"": -0.08500011977746023, ""std_scale"": 1.071520103310507, ""fleet_std"": 0.03923671633057011, ""fleet_between_std"": 0.008477988328920202, ""fleet_std_between"": 0.0016645925543914352, ""mean_target_nsigma"": 2.1513946184240154, ""std_target_nsigma"": 0.0, ""post_mean_nsigma"": 13.187073455423128, ""post_std_nsigma"": 1.643927197996837}",0.044593,test
ch_00144,context,DEV_D,S03,CD3,eqp_id,EQP_05,"EQP_03,EQP_01,EQP_05,EQP_04,EQP_08",-1,"{""deviation_type"": ""std"", ""mean_shift"": 0.0048978557828395775, ""std_scale"": 1.8068129893859286, ""fleet_std"": 0.04089803601060599, ""fleet_between_std"": 0.00975144920340443, ""fleet_std_between"": 0.0013579666570280378, ""mean_target_nsigma"": 0.0, ""std_target_nsigma"": 4.826045861807925, ""post_mean_nsigma"": 2.128321949100299, ""post_std_nsigma"": 23.578753851041924}",-0.056232,test
ch_00145,context,DEV_A,S01,CD1,chamber,CH_D,"CH_B,CH_A,CH_E,CH_D,CH_C",-1,"{""deviation_type"": ""both"", ""mean_shift"": -0.13679148643484879, ""std_scale"": 1.9993082192662301, ""fleet_std"": 0.04097140125080948, ""fleet_between_std"": 0.012625370981695421, ""fleet_std_between"": 0.0014263271857100888, ""mean_target_nsigma"": 3.167531357249461, ""std_target_nsigma"": 3.0822796430826576, ""post_mean_nsigma"": 8.63573181322585, ""post_std_nsigma"": 27.280693820139504}",-0.015516,test
ch_00146,context,DEV_E,S01,CD2,eqp_id,EQP_05,"EQP_06,EQP_02,EQP_07,EQP_01,EQP_05",-1,"{""deviation_type"": ""std"", ""mean_shift"": 0.003543622677362454, ""std_scale"": 2.0440216676196408, ""fleet_std"": 0.0411037605086103, ""fleet_between_std"": 0.013932617232886819, ""fleet_std_between"": 0.001, ""mean_target_nsigma"": 0.0, ""std_target_nsigma"": 3.0089152529769816, ""post_mean_nsigma"": 1.4266971115681968, ""post_std_nsigma"": 40.39969570056752}",-0.039776,test
ch_00147,context,DEV_D,S01,CD2,eqp_id,EQP_08,"EQP_01,EQP_07,EQP_06,EQP_08",-1,"{""deviation_type"": ""std"", ""mean_shift"": -0.0020083634042175544, ""std_scale"": 1.994281306224698, ""fleet_std"": 0.041150621776341725, ""fleet_between_std"": 0.011123332316651448, ""fleet_std_between"": 0.0010312978729441911, ""mean_target_nsigma"": 0.0, ""std_target_nsigma"": 4.036574842547699, ""post_mean_nsigma"": 0.6025595718643488, ""post_std_nsigma"": 38.166356705549006}",-0.040748,test
ch_00148,context,DEV_A,S03,THK1,chamber,CH_C,"CH_D,CH_B,CH_E,CH_C",-1,"{""deviation_type"": ""both"", ""mean_shift"": -0.12248151743211418, ""std_scale"": 1.8954659804704843, ""fleet_std"": 0.04072890468331402, ""fleet_between_std"": 0.01125985243908068, ""fleet_std_between"": 0.001, ""mean_target_nsigma"": 3.4469947995643055, ""std_target_nsigma"": 4.119014572934239, ""post_mean_nsigma"": 10.101025124802586, ""post_std_nsigma"": 35.04057764734091}",-0.03923,test
ch_00149,context,DEV_E,S01,THK1,eqp_id,EQP_05,"EQP_07,EQP_05,EQP_04,EQP_06",-1,"{""deviation_type"": ""std"", ""mean_shift"": 0.0038354982257945286, ""std_scale"": 2.0037229598655677, ""fleet_std"": 0.04127137967963275, ""fleet_between_std"": 0.012785162962444363, ""fleet_std_between"": 0.0013040849542270707, ""mean_target_nsigma"": 0.0, ""std_target_nsigma"": 4.994147465331028, ""post_mean_nsigma"": 0.029371605865411786, ""post_std_nsigma"": 30.186221707912196}",0.173465,test
ch_00150,context,DEV_B,S01,DEF1,chamber,CH_B,"CH_A,CH_B,CH_E,CH_C",-1,"{""deviation_type"": ""both"", ""mean_shift"": 0.09829685885150545, ""std_scale"": 2.0296731304020605, ""fleet_std"": 0.04153375124487022, ""fleet_between_std"": 0.01205561276994382, ""fleet_std_between"": 0.001, ""mean_target_nsigma"": 2.926495086746326, ""std_target_nsigma"": 3.835058167020963, ""post_mean_nsigma"": 9.540350323400004, ""post_std_nsigma"": 40.89674991298956}",-0.014266,test
ch_00151,context,DEV_B,S03,THK2,eqp_id,EQP_08,"EQP_01,EQP_08,EQP_04,EQP_05,EQP_07,EQP_06",-1,"{""deviation_type"": ""mean"", ""mean_shift"": 0.12223017724022942, ""std_scale"": 1.0075463710478842, ""fleet_std"": 0.039910131717170554, ""fleet_between_std"": 0.010813980810387952, ""fleet_std_between"": 0.0014191308512672414, ""mean_target_nsigma"": 3.166482587130006, ""std_target_nsigma"": 0.0, ""post_mean_nsigma"": 9.674347133620449, ""post_std_nsigma"": 0.20424891256028732}",0.009391,test
ch_00152,normal,DEV_B,S02,OVL1,recipe,RCP_X6,"RCP_X4,RCP_X1,RCP_X6,RCP_X5",-1,{},0.203753,test
ch_00153,normal,DEV_A,S03,DEF1,eqp_id,EQP_05,"EQP_05,EQP_08,EQP_02,EQP_04,EQP_07,EQP_06",-1,{},-0.050823,test
ch_00154,normal,DEV_E,S05,DEF1,eqp_id,EQP_05,"EQP_07,EQP_04,EQP_06,EQP_03,EQP_05,EQP_01,EQP_02",-1,{},0.103013,test
ch_00155,normal,DEV_B,S03,CD3,chamber,CH_C,"CH_B,CH_E,CH_C,CH_A,CH_D",-1,{},-0.006456,test
ch_00156,normal,DEV_E,S04,OVL1,eqp_id,EQP_07,"EQP_08,EQP_06,EQP_05,EQP_01,EQP_07,EQP_04,EQP_03",-1,{},-0.087532,test
ch_00157,normal,DEV_E,S03,THK1,chamber,CH_E,"CH_A,CH_C,CH_D,CH_E",-1,{},0.111804,test
ch_00158,normal,DEV_A,S04,OVL2,recipe,RCP_X1,"RCP_X3,RCP_X1,RCP_X4,RCP_X6",-1,{},0.009453,test
ch_00159,normal,DEV_D,S04,CD3,recipe,RCP_X3,"RCP_X3,RCP_X6,RCP_X5,RCP_X2,RCP_X4,RCP_X1",-1,{},-0.029651,test
